{"parameters/fc1.weight":{"bins":[-0.4250549077987671,-0.41245412826538086,-0.39985334873199463,-0.3872525691986084,-0.37465178966522217,-0.36205101013183594,-0.3494502305984497,-0.3368494510650635,-0.32424867153167725,-0.311647891998291,-0.2990471124649048,-0.28644633293151855,-0.2738455533981323,-0.2612447738647461,-0.24864399433135986,-0.23604321479797363,-0.2234424352645874,-0.21084165573120117,-0.19824087619781494,-0.1856400966644287,-0.17303931713104248,-0.16043853759765625,-0.14783775806427002,-0.1352369785308838,-0.12263619899749756,-0.11003541946411133,-0.0974346399307251,-0.08483386039733887,-0.07223308086395264,-0.059632301330566406,-0.047031521797180176,-0.034430742263793945,-0.021829992532730103,-0.009229212999343872,0.0033715665340423584,0.01597234606742859,0.02857312560081482,0.04117390513420105,0.05377468466758728,0.06637546420097351,0.07897624373435974,0.09157702326774597,0.1041778028011322,0.11677858233451843,0.12937936186790466,0.1419801414012909,0.15458092093467712,0.16718170046806335,0.17978248000144958,0.19238325953483582,0.20498403906822205,0.21758481860160828,0.2301855981349945,0.24278637766838074,0.25538715720176697,0.2679879367351532,0.28058871626853943,0.29318949580192566,0.3057902753353119,0.3183910548686981,0.33099183440208435,0.3435926139354706,0.3561933934688568,0.36879417300224304,0.3813949525356293],"_type":"histogram","values":[1,0,0,0,0,1,1,1,5,5,4,8,14,17,23,32,60,76,93,148,223,328,448,580,818,1102,1505,2054,2821,3767,6912,10397,11284,11518,11583,10837,6680,4761,3619,2609,1911,1254,903,628,435,282,208,140,86,58,39,24,16,12,8,6,2,1,0,2,0,1,0,1]},"parameters/fc1.bias":{"values":[1,1,1,1,1,0,2,1,0,3,1,0,5,0,1,1,2,0,6,4,8,9,9,6,5,7,2,0,0,3,2,5,2,4,3,2,1,2,1,2,3,3,3,1,0,0,2,1,2,1,2,2,0,1,1,0,0,0,0,0,1,0,0,1],"bins":[-0.2553965151309967,-0.24441631138324738,-0.23343609273433685,-0.22245588898658752,-0.211475670337677,-0.20049546658992767,-0.18951526284217834,-0.17853504419326782,-0.1675548404455185,-0.15657463669776917,-0.14559441804885864,-0.13461421430110931,-0.12363400310277939,-0.11265379190444946,-0.10167358815670013,-0.09069337695837021,-0.07971316576004028,-0.06873295456171036,-0.05775274708867073,-0.046772539615631104,-0.03579232841730118,-0.0248121190816164,-0.013831909745931625,-0.002851700410246849,0.008128508925437927,0.019108718261122704,0.03008892759680748,0.04106913506984711,0.05204934626817703,0.06302955746650696,0.07400976121425629,0.08498997241258621,0.09597021341323853,0.10695042461156845,0.11793063580989838,0.1289108395576477,0.13989105820655823,0.15087126195430756,0.16185146570205688,0.1728316843509674,0.18381188809871674,0.19479209184646606,0.2057723104953766,0.21675251424312592,0.22773271799087524,0.23871293663978577,0.2496931403875351,0.2606733441352844,0.27165356278419495,0.28263378143310547,0.2936139702796936,0.3045941889286041,0.31557440757751465,0.3265545964241028,0.3375348150730133,0.34851503372192383,0.35949522256851196,0.3704754412174225,0.381455659866333,0.39243587851524353,0.40341606736183167,0.4143962860107422,0.4253765046596527,0.43635669350624084,0.44733691215515137],"_type":"histogram"},"parameters/fc2.bias":{"_type":"histogram","values":[1,0,0,1,0,0,0,0,1,0,0,0,0,1,0,0,0,0,0,0,2,0,0,1,0,0,1,0,0,0,1,0,0,0,0,0,0,0,0,0,0,0,0,0,0,0,0,0,0,0,0,0,0,0,0,0,0,0,0,0,0,0,0,1],"bins":[-0.20855677127838135,-0.19982565939426422,-0.1910945475101471,-0.18236342072486877,-0.17363230884075165,-0.16490119695663452,-0.1561700850725174,-0.14743897318840027,-0.13870784640312195,-0.12997673451900482,-0.1212456226348877,-0.11251451075077057,-0.10378339886665344,-0.09505227953195572,-0.08632116764783859,-0.07759004831314087,-0.06885893642902374,-0.06012782081961632,-0.05139670521020889,-0.042665593326091766,-0.03393447771668434,-0.025203362107276917,-0.01647224836051464,-0.0077411336824297905,0.0009899809956550598,0.00972109567373991,0.01845221035182476,0.027183324098587036,0.03591443970799446,0.044645555317401886,0.05337666720151901,0.06210778281092644,0.07083889842033386,0.07957001030445099,0.08830112963914871,0.09703224152326584,0.10576336085796356,0.11449447274208069,0.12322558462619781,0.13195669651031494,0.14068782329559326,0.1494189351797104,0.15815004706382751,0.16688115894794464,0.17561227083206177,0.1843433827161789,0.19307450950145721,0.20180562138557434,0.21053673326969147,0.2192678451538086,0.22799895703792572,0.23673008382320404,0.24546119570732117,0.2541922926902771,0.2629234194755554,0.27165454626083374,0.2803856432437897,0.289116770029068,0.2978478670120239,0.30657899379730225,0.31531012058258057,0.3240412175655365,0.3327723443508148,0.34150344133377075,0.3502345681190491]},"_runtime":10.249960354,"_timestamp":1.762984790017412e+09,"_step":0,"gradients/fc1.bias":{"values":[3,1,0,1,2,1,1,3,2,2,0,4,0,0,2,0,4,3,0,1,2,3,1,0,3,1,2,0,1,5,3,34,1,5,1,0,1,4,2,0,0,1,0,2,2,1,0,2,3,1,1,0,0,2,3,1,3,2,1,1,0,2,0,1],"bins":[-0.019200900569558144,-0.018594469875097275,-0.017988037317991257,-0.01738160476088524,-0.01677517406642437,-0.0161687433719635,-0.015562310814857483,-0.01495587918907404,-0.014349447563290596,-0.013743015937507153,-0.013136584311723709,-0.012530152685940266,-0.011923721060156822,-0.011317289434373379,-0.010710857808589935,-0.010104426182806492,-0.009497994557023048,-0.008891562931239605,-0.008285131305456161,-0.007678699679672718,-0.007072268053889275,-0.006465836428105831,-0.005859404802322388,-0.005252973176538944,-0.004646541550755501,-0.004040109924972057,-0.003433678299188614,-0.0028272466734051704,-0.002220815047621727,-0.0016143834218382835,-0.00100795179605484,-0.00040152017027139664,0.00020490959286689758,0.000811341218650341,0.0014177728444337845,0.002024204470217228,0.0026306360960006714,0.003237067721784115,0.0038434993475675583,0.004449930973351002,0.005056362599134445,0.005662794224917889,0.006269225850701332,0.0068756574764847755,0.007482089102268219,0.008088520728051662,0.008694952353835106,0.00930138397961855,0.009907815605401993,0.010514247231185436,0.01112067885696888,0.011727110482752323,0.012333542108535767,0.01293997373431921,0.013546405360102654,0.014152836985886097,0.01475926861166954,0.015365700237452984,0.015972131863236427,0.016578562557697296,0.017184995114803314,0.017791427671909332,0.0183978583663702,0.01900428906083107,0.019610721617937088],"_type":"histogram"},"gradients/fc1.weight":{"values":[7,8,12,16,29,42,57,76,142,230,333,447,516,517,569,618,740,851,864,1035,1073,1093,1230,1446,1535,1722,2165,1903,2551,3125,3884,45073,3826,2952,2083,1660,1669,1355,1254,1306,1122,1141,1086,976,942,870,748,652,583,448,367,317,238,173,128,124,102,102,83,70,40,17,7,2],"bins":[-0.017817461863160133,-0.017252713441848755,-0.016687963157892227,-0.01612321473658085,-0.015558465383946896,-0.014993716031312943,-0.014428967610001564,-0.013864218257367611,-0.013299468904733658,-0.012734719552099705,-0.012169970199465752,-0.011605221778154373,-0.01104047242552042,-0.010475723072886467,-0.009910974651575089,-0.009346225298941135,-0.008781475946307182,-0.00821672659367323,-0.007651977706700563,-0.007087228819727898,-0.0065224794670939445,-0.0059577301144599915,-0.005392981227487326,-0.00482823234051466,-0.004263482987880707,-0.0036987338680773973,-0.003133984748274088,-0.0025692356284707785,-0.002004486508667469,-0.0014397373888641596,-0.0008749882690608501,-0.0003102391492575407,0.0002545081079006195,0.000819257227703929,0.0013840063475072384,0.0019487554673105478,0.0025135045871138573,0.0030782537069171667,0.003643002826720476,0.004207751713693142,0.004772501066327095,0.005337250418961048,0.005901999305933714,0.00646674819290638,0.007031497545540333,0.007596246898174286,0.008160995319485664,0.008725744672119617,0.00929049402475357,0.009855243377387524,0.010419992730021477,0.010984741151332855,0.011549490503966808,0.012114239856600761,0.01267898827791214,0.013243737630546093,0.013808486983180046,0.014373236335814,0.014937985688447952,0.01550273410975933,0.01606748253107071,0.016632232815027237,0.017196981236338615,0.017761731520295143,0.01832647994160652],"_type":"histogram"},