{"gradients/fc1.bias":{"bins":[-0.008605225943028927,-0.00825081393122673,-0.00789640098810196,-0.007541988976299763,-0.007187576498836279,-0.006833164487034082,-0.006478752009570599,-0.006124339532107115,-0.005769927054643631,-0.0054155150428414345,-0.005061102565377951,-0.004706690087914467,-0.00435227807611227,-0.0039978655986487865,-0.0036434533540159464,-0.0032890408765524626,-0.0029346286319196224,-0.0025802163872867823,-0.0022258039098232985,-0.0018713916651904583,-0.0015169793041422963,-0.0011625669430941343,-0.0008081546402536333,-0.00045374230830930173,-9.932997636497021e-05,0.0002550823555793613,0.0006094946875236928,0.0009639069903641939,0.001318319351412356,0.0016727317124605179,0.002027143957093358,0.002381556434556842,0.002735968679189682,0.003090380923822522,0.003444793401286006,0.003799205645918846,0.00415361812338233,0.0045080301351845264,0.00486244261264801,0.005216855090111494,0.005571267567574978,0.005925679579377174,0.006280092056840658,0.006634504534304142,0.0069889165461063385,0.007343329023569822,0.007697741501033306,0.008052153512835503,0.008406566455960274,0.00876097846776247,0.009115390479564667,0.009469803422689438,0.009824215434491634,0.010178627446293831,0.010533040389418602,0.010887452401220798,0.011241864413022995,0.011596277356147766,0.011950689367949963,0.012305101379752159,0.01265951432287693,0.013013926334679127,0.013368338346481323,0.013722751289606094,0.01407716330140829],"_type":"histogram","values":[1,1,0,2,0,1,1,1,0,1,0,1,0,0,1,1,1,1,3,4,3,5,5,12,56,1,5,2,2,2,2,0,1,1,0,2,0,1,1,1,1,0,0,2,0,0,0,1,0,0,0,0,0,0,0,0,1,0,0,0,0,0,0,1]},"parameters/fc2.weight":{"_type":"histogram","values":[1,0,0,0,0,0,0,0,0,0,0,0,0,0,1,0,1,0,0,1,0,0,1,1,1,1,3,2,0,3,3,3,5,9,12,17,14,15,31,27,28,30,37,40,55,69,143,174,191,156,90,39,22,17,10,10,6,4,3,1,1,1,0,1],"bins":[-2.3150293827056885,-2.26658034324646,-2.2181313037872314,-2.169682502746582,-2.1212334632873535,-2.072784423828125,-2.0243353843688965,-1.975886344909668,-1.927437424659729,-1.8789883852005005,-1.830539345741272,-1.782090425491333,-1.7336413860321045,-1.685192346572876,-1.636743426322937,-1.5882943868637085,-1.5398454666137695,-1.491396427154541,-1.4429473876953125,-1.3944984674453735,-1.346049427986145,-1.2976003885269165,-1.2491514682769775,-1.200702428817749,-1.1522533893585205,-1.1038044691085815,-1.055355429649353,-1.0069063901901245,-0.9584574103355408,-0.910008430480957,-0.8615594506263733,-0.8131104111671448,-0.7646614909172058,-0.7162125110626221,-0.6677634716033936,-0.6193144917488098,-0.5708655118942261,-0.5224164724349976,-0.4739674925804138,-0.4255185127258301,-0.37706950306892395,-0.3286204934120178,-0.2801715135574341,-0.23172250390052795,-0.18327350914478302,-0.13482451438903809,-0.08637551218271255,-0.03792651370167732,0.01052248477935791,0.05897148326039314,0.10742048174142838,0.1558694839477539,0.20431847870349884,0.2527674734592438,0.3012164831161499,0.34966546297073364,0.39811447262763977,0.4465634822845459,0.49501246213912964,0.5434614419937134,0.5919104814529419,0.6403594613075256,0.6888084411621094,0.7372574806213379,0.7857064604759216]},"test_loss":0.33201084453791097,"epoch":9,"test_accuracy":0.8831,"gradients/fc2.bias":{"bins":[-0.014679799787700176,-0.014332033693790436,-0.01398426666855812,-0.01363650057464838,-0.01328873448073864,-0.0129409683868289,-0.012593202292919159,-0.012245435267686844,-0.011897669173777103,-0.011549903079867363,-0.011202136054635048,-0.010854369960725307,-0.010506603866815567,-0.010158837772905827,-0.009811071678996086,-0.009463304653763771,-0.00911553855985403,-0.00876777246594429,-0.008420005440711975,-0.008072239346802235,-0.007724473252892494,-0.007376707158982754,-0.007028940599411726,-0.006681174039840698,-0.006333407945930958,-0.005985641852021217,-0.00563787529245019,-0.005290108732879162,-0.004942342638969421,-0.004594576545059681,-0.004246809985488653,-0.003899043658748269,-0.0035512764006853104,-0.0032035100739449263,-0.002855743747204542,-0.002507977420464158,-0.002160211093723774,-0.0018124447669833899,-0.0014646784402430058,-0.0011169121135026217,-0.0007691457867622375,-0.00042137946002185345,-7.361313328146935e-05,0.00027415319345891476,0.0006219195201992989,0.000969685846939683,0.001317452173680067,0.0016652185004204512,0.0020129848271608353,0.0023607511539012194,0.0027085174806416035,0.0030562838073819876,0.0034040501341223717,0.0037518164608627558,0.00409958278760314,0.004447349347174168,0.004795115441083908,0.0051428815349936485,0.005490648094564676,0.005838414654135704,0.0061861807480454445,0.006533946841955185,0.006881713401526213,0.0072294799610972404,0.007577246055006981],"_type":"histogram","values":[1,0,0,0,0,0,0,0,0,0,0,0,0,0,0,0,0,0,0,0,0,0,1,0,0,0,0,0,0,0,0,0,0,0,0,0,0,0,0,0,0,1,3,0,0,0,0,0,0,0,0,1,0,0,1,0,0,0,0,0,1,0,0,1]},"_timestamp":1.7629850511669095e+09,"train_accuracy":0.9048333333333334,"val_loss":0.29433401422376965,"_step":10,"_runtime":49,"val_accuracy":0.8936666666666667,"parameters/fc1.weight":{"_type":"histogram","values":[1,0,1,3,1,2,1,2,4,5,9,9,22,25,30,37,63,75,112,135,185,221,293,373,524,666,856,1076,1477,1937,2763,3564,4988,6142,12912,20002,14745,7052,5475,4170,3055,2196,1535,1067,760,509,374,274,172,114,106,68,59,26,27,24,7,7,6,2,2,1,1,2],"bins":[-1.2482328414916992,-1.2132807970046997,-1.1783287525177002,-1.1433765888214111,-1.1084245443344116,-1.073472499847412,-1.038520336151123,-1.0035682916641235,-0.968616247177124,-0.9336642026901245,-0.8987120985984802,-0.8637599945068359,-0.8288079500198364,-0.7938559055328369,-0.7589038014411926,-0.7239516973495483,-0.6889996528625488,-0.6540476083755493,-0.619095504283905,-0.5841434001922607,-0.5491913557052612,-0.5142393112182617,-0.47928720712661743,-0.44433513283729553,-0.40938305854797363,-0.37443098425865173,-0.33947890996932983,-0.30452683568000793,-0.26957476139068604,-0.23462268710136414,-0.19967061281204224,-0.16471853852272034,-0.12976640462875366,-0.09481433033943176,-0.05986225605010986,-0.024910181760787964,0.010041892528533936,0.044993966817855835,0.07994604110717773,0.11489811539649963,0.14985018968582153,0.18480226397514343,0.21975433826446533,0.25470641255378723,0.28965848684310913,0.32461056113243103,0.35956263542175293,0.39451470971107483,0.42946678400039673,0.46441885828971863,0.4993709325790405,0.53432297706604,0.5692750811576843,0.6042271852493286,0.6391792297363281,0.6741312742233276,0.7090833783149719,0.7440354824066162,0.7789875268936157,0.8139395713806152,0.8488916754722595,0.8838437795639038,0.9187958240509033,0.9537478685379028,0.9886999726295471]},"parameters/fc2.bias":{"_type":"histogram","values":[1,0,0,0,0,0,1,0,1,0,0,0,0,0,0,0,0,0,0,0,0,0,0,0,0,0,1,0,0,0,0,0,0,0,0,0,0,0,0,0,0,0,1,0,0,0,0,1,1,0,0,0,0,0,0,0,1,0,0,0,0,1,0,1],