{"gradients/fc2.weight":{"values":[1,0,0,0,0,0,0,1,0,0,0,1,0,0,0,0,0,0,0,0,0,1,1,3,3,1,3,2,2,1,6,1,8,1,7,9,10,22,39,890,129,34,26,17,17,10,7,7,4,4,4,2,2,0,1,0,1,0,0,0,1,0,0,1],"bins":[-0.32560431957244873,-0.31743550300598145,-0.30926671624183655,-0.30109792947769165,-0.29292911291122437,-0.2847602963447571,-0.2765915095806122,-0.2684227228164673,-0.26025390625,-0.2520850896835327,-0.24391630291938782,-0.23574750125408173,-0.22757869958877563,-0.21940989792346954,-0.21124109625816345,-0.20307229459285736,-0.19490349292755127,-0.18673469126224518,-0.1785658895969391,-0.170397087931633,-0.1622282862663269,-0.1540594846010208,-0.14589068293571472,-0.13772188127040863,-0.12955307960510254,-0.12138427793979645,-0.11321547627449036,-0.10504667460918427,-0.09687787294387817,-0.08870907127857208,-0.08054026961326599,-0.0723714679479599,-0.064202681183815,-0.05603387951850891,-0.04786507785320282,-0.03969627618789673,-0.03152747452259064,-0.023358672857284546,-0.015189871191978455,-0.007021069526672363,0.001147732138633728,0.00931653380393982,0.01748533546924591,0.025654137134552002,0.03382293879985809,0.041991740465164185,0.050160542130470276,0.05832934379577637,0.06649814546108246,0.07466694712638855,0.08283574879169464,0.09100455045700073,0.09917335212230682,0.10734215378761292,0.115510955452919,0.1236797571182251,0.1318485587835312,0.14001736044883728,0.14818616211414337,0.15635496377944946,0.16452376544475555,0.17269256711006165,0.18086136877536774,0.18903017044067383,0.19719897210597992],"_type":"histogram"},"gradients/fc1.weight":{"values":[4,10,15,27,49,75,103,123,104,113,96,117,98,112,182,258,323,316,218,251,299,497,996,1729,1894,2278,2994,4652,7837,57851,3610,2551,1942,1708,1662,1382,1189,805,370,199,153,101,62,55,102,111,101,125,147,138,92,41,27,16,5,11,4,3,5,1,4,3,4,2],"bins":[-0.011516612954437733,-0.01112296897917986,-0.01072932593524456,-0.010335681959986687,-0.009942037984728813,-0.009548394940793514,-0.00915475096553564,-0.008761106990277767,-0.008367463946342468,-0.007973819971084595,-0.007580175995826721,-0.007186532486230135,-0.006792888976633549,-0.006399245001375675,-0.006005601491779089,-0.0056119575165212154,-0.005218314006924629,-0.004824670497328043,-0.0044310265220701694,-0.004037383012473583,-0.0036437392700463533,-0.0032500955276191235,-0.0028564520180225372,-0.0024628082755953074,-0.0020691645331680775,-0.0016755207907408476,-0.0012818771647289395,-0.0008882334805093706,-0.0004945897962898016,-0.00010094611207023263,0.00029269757214933634,0.0006863412563689053,0.0010799849405884743,0.0014736286830157042,0.0018672723090276122,0.0022609159350395203,0.00265455967746675,0.00304820341989398,0.0034418469294905663,0.003835490671917796,0.004229134414345026,0.004622777923941612,0.005016421899199486,0.005410065408796072,0.005803708918392658,0.006197352893650532,0.006590996403247118,0.0069846403785049915,0.007378283888101578,0.007771927397698164,0.00816557090729475,0.008559214882552624,0.008952858857810497,0.009346501901745796,0.00974014587700367,0.010133789852261543,0.010527433827519417,0.010921076871454716,0.01131472084671259,0.011708364821970463,0.012102007865905762,0.012495651841163635,0.012889295816421509,0.013282938860356808,0.013676582835614681],"_type":"histogram"},"_step":5,"parameters/fc2.weight":{"values":[1,0,0,0,0,0,0,0,0,0,0,0,1,1,0,1,0,0,1,2,1,3,1,1,4,3,7,11,12,12,13,16,16,23,27,25,35,24,35,47,52,98,118,123,121,158,109,70,29,25,14,8,12,4,5,5,1,1,2,0,0,0,1,1],"bins":[-1.4008318185806274,-1.3688862323760986,-1.3369406461715698,-1.304995059967041,-1.2730494737625122,-1.2411038875579834,-1.2091583013534546,-1.1772127151489258,-1.145267128944397,-1.1133215427398682,-1.0813759565353394,-1.0494303703308105,-1.0174847841262817,-0.9855391979217529,-0.9535936117172241,-0.9216480255126953,-0.8897024393081665,-0.8577568531036377,-0.8258112668991089,-0.7938656806945801,-0.7619200944900513,-0.7299745082855225,-0.6980289220809937,-0.6660833358764648,-0.634137749671936,-0.6021921634674072,-0.5702465772628784,-0.5383009910583496,-0.5063554048538208,-0.474409818649292,-0.4424642324447632,-0.4105186462402344,-0.378572940826416,-0.3466273546218872,-0.3146817684173584,-0.2827361822128296,-0.2507905960083008,-0.21884500980377197,-0.18689942359924316,-0.15495383739471436,-0.12300825119018555,-0.09106266498565674,-0.05911707878112793,-0.02717149257659912,0.0047740936279296875,0.036719679832458496,0.0686652660369873,0.10061085224151611,0.13255643844604492,0.16450202465057373,0.19644761085510254,0.22839319705963135,0.26033878326416016,0.29228436946868896,0.3242299556732178,0.3561755418777466,0.3881211280822754,0.4200667142868042,0.452012300491333,0.4839578866958618,0.5159034729003906,0.5478490591049194,0.5797946453094482,0.611740231513977,0.6436858177185059],"_type":"histogram"},"_runtime":31.130898382,"val_loss":0.30832051253937026,"parameters/fc1.bias":{"_type":"histogram","values":[1,0,2,0,1,3,1,1,0,1,0,0,2,1,2,1,2,3,3,2,7,9,12,6,2,4,3,4,3,1,4,0,0,4,3,4,0,0,1,4,2,3,2,0,4,3,0,2,2,3,1,3,2,2,0,0,0,0,0,0,1,0,0,1],"bins":[-0.4222407042980194,-0.4035523235797882,-0.384863942861557,-0.3661755323410034,-0.3474871516227722,-0.328798770904541,-0.3101103901863098,-0.2914220094680786,-0.2727336287498474,-0.2540452182292938,-0.23535683751106262,-0.21666845679283142,-0.19798007607460022,-0.17929168045520782,-0.16060329973697662,-0.14191490411758423,-0.12322652339935303,-0.10453813523054123,-0.08584974706172943,-0.06716136634349823,-0.04847297817468643,-0.029784591868519783,-0.011096205562353134,0.007592180743813515,0.026280567049980164,0.04496895521879196,0.06365734338760376,0.08234572410583496,0.10103411227464676,0.11972250044345856,0.13841088116168976,0.15709927678108215,0.17578768730163574,0.19447606801986694,0.21316446363925934,0.23185284435749054,0.25054123997688293,0.26922962069511414,0.28791800141334534,0.30660638213157654,0.3252947926521301,0.34398317337036133,0.36267155408859253,0.38135993480682373,0.40004831552505493,0.41873669624328613,0.4374251067638397,0.4561134874820709,0.4748018682003021,0.4934902489185333,0.5121786594390869,0.5308670401573181,0.5495554208755493,0.5682438015937805,0.5869321823120117,0.6056205630302429,0.6243089437484741,0.6429973244667053,0.6616857051849365,0.6803741455078125,0.6990625262260437,0.7177509069442749,0.7364392876625061,0.7551276683807373,0.7738160490989685]},"_timestamp":1.7629849874856083e+09,"train_loss":0.3083347240639453,"parameters/fc1.weight":{"_type":"histogram","values":[1,1,0,2,3,1,1,2,1,9,4,11,14,21,31,47,60,76,121,112,166,246,306,399,540,681,928,1213,1705,2267,3079,4033,5578,9412,16950,17105,11484,6514,4993,3642,2646,1787,1267,854,643,448,276,202,134,92,74,46,43,28,18,8,12,6,3,2,0,0,2,2],"bins":[-0.9326828718185425,-0.9062318801879883,-0.8797808289527893,-0.8533298373222351,-0.8268788456916809,-0.8004277944564819,-0.7739768028259277,-0.7475258111953735,-0.7210748195648193,-0.6946237683296204,-0.6681727766990662,-0.641721785068512,-0.615270733833313,-0.5888197422027588,-0.5623687505722046,-0.5359176993370056,-0.5094667077064514,-0.48301568627357483,-0.45656469464302063,-0.43011367321014404,-0.40366268157958984,-0.37721166014671326,-0.35076063871383667,-0.32430964708328247,-0.2978586256504059,-0.2714076042175293,-0.2449566125869751,-0.2185055911540985,-0.19205458462238312,-0.16560357809066772,-0.13915255665779114,-0.11270155012607574,-0.08625054359436035,-0.05979953333735466,-0.03334852308034897,-0.006897512823343277,0.019553497433662415,0.046004507690668106,0.0724555179476738,0.09890653192996979,0.12535753846168518,0.15180854499340057,0.17825955152511597,0.20471057295799255,0.23116157948970795,0.25761258602142334,0.2840636074542999,0.3105145990848541,0.3369656205177307,0.3634166419506073,0.3898676335811615,0.4163186550140381,0.4427696466445923,0.46922066807746887,0.49567168951034546,0.5221226811408997,0.5485737323760986,0.5750247240066528,0.601475715637207,0.6279267072677612,0.6543777585029602,0.6808287501335144,0.7072797417640686,0.7337307929992676,0.7601817846298218]},"epoch":4,